023K,BAACAgUAAxkDAAPHZfjffZufGgPQrA8P8c4tlS436ggAAgINAAJwaMlX5AHL13y0cnc0BA
0612,BAACAgUAAxkDAAPJZfjfiw7j_rWDLUAuqYfw62XdfbUAAgMNAAJwaMlXcUBzlqt-NA40BA
06Oe,BAACAgUAAxkDAAPLZfjfm4vmHnzC1RgoybUjOLVN8VEAAgQNAAJwaMlX_5qYJWwlJ5A0BA
0V3D,BAACAgUAAxkDAAPNZfjfqCnMAUTsvIpnZUjOaFFzg94AAgUNAAJwaMlXoXRUthDc0O80BA
0Vek,BAACAgUAAxkDAAPPZfjfrc43ilJ-WpVggpbgy4YFMxcAAgYNAAJwaMlXyB5EFz_RbN80BA
0Vgn,BAACAgUAAxkDAAPRZfjfssuTp-KDLLHi27MolGKrwuoAAgcNAAJwaMlXuMeCA6ItFtg0BA
16JD,BAACAgUAAxkDAAPTZfjfw5ZQdCdW1RryIOGRe6nOfGEAAggNAAJwaMlXrXPZ5jB4hkM0BA
16WY,BAACAgUAAxkDAAPVZfjfzm54Y16bQlumW42XROFs_BgAAgkNAAJwaMlXJ74kohe7HRo0BA
1l9E,BAACAgUAAxkDAAPYZfjhOzwTqFSqvlG3xbbFfIK7e74AAgsNAAJwaMlXS4gl9qgBZlo0BA
25WK,BAACAgUAAxkDAAPaZfjhYiiVZZWtgA7aizDatKClar4AAgwNAAJwaMlXqPqGDx0wtTo0BA
2pEq,BAACAgUAAxkDAAPcZfjhg-r96aFWa_jtn7R184_VuNAAAg0NAAJwaMlX7i1KDujQ8vg0BA
2pkw,BAACAgUAAxkDAAPeZfjhkAlQu-LM5-0TnCNqgR3Xk_4AAg4NAAJwaMlX-zaVTmwJdfM0BA
4B2y,BAACAgUAAxkDAAPgZfjhof0o6XoKF5fpXupaAeJyYzkAAg8NAAJwaMlXnMwgwwPQFTg0BA
4B8a,BAACAgUAAxkDAAPiZfjhqoeFceTNaDMZmwKE0-IkC6oAAhANAAJwaMlXoLPzadSPjVg0BA
4BPy,BAACAgUAAxkDAAPkZfjhuYp_kvcswjofpNwXyS2NgIEAAhENAAJwaMlX_m6wzvyv3no0BA
4D6Y,BAACAgUAAxkDAAPmZfjhxQbAOe7un8q34GfKZ3B_OHsAAhINAAJwaMlXUWWvCbo4OGI0BA
4DBP,BAACAgUAAxkDAAPoZfjh1G2WPDFV2-tYkHe4ib2n3MEAAhMNAAJwaMlXLB3TNhPan8I0BA
